{
    "CADCHF": {
        "type": "VENTE \ud83d\udd3b",
        "entry": 0.5643799901008606,
        "sl": 0.56695,
        "tp": 0.55924,
        "rr": 2.0
    },
    "USDCAD": {
        "type": "VENTE \ud83d\udd3b",
        "entry": 1.3645000457763672,
        "sl": 1.37188,
        "tp": 1.34974,
        "rr": 2.0
    },
    "GBPCHF": {
        "type": "VENTE \ud83d\udd3b",
        "entry": 1.0447399616241455,
        "sl": 1.04966,
        "tp": 1.0349,
        "rr": 2.0
    },
    "GBPUSD": {
        "type": "ACHAT \ud83d\ude80",
        "entry": 1.345913052558899,
        "sl": 1.34157,
        "tp": 1.3546,
        "rr": 2.0
    },
    "USDCHF": {
        "type": "VENTE \ud83d\udd3b",
        "entry": 0.7751500010490417,
        "sl": 0.77821,
        "tp": 0.76903,
        "rr": 2.0
    },
    "NZDUSD": {
        "type": "ACHAT \ud83d\ude80",
        "entry": 0.5961962938308716,
        "sl": 0.59271,
        "tp": 0.60317,
        "rr": 2.0
    }
}