{
    "USDCAD": {
        "type": "VENTE \ud83d\udd3b",
        "entry": 1.3645000457763672,
        "sl": 1.37188,
        "tp": 1.34974,
        "rr": 2.0
    },
    "GBPAUD": {
        "type": "VENTE \ud83d\udd3b",
        "entry": 1.9029500484466553,
        "sl": 1.9205,
        "tp": 1.86785,
        "rr": 2.0
    },
    "GBPUSD": {
        "type": "VENTE \ud83d\udd3b",
        "entry": 1.3367197513580322,
        "sl": 1.3467,
        "tp": 1.31676,
        "rr": 2.0
    },
    "USDCHF": {
        "type": "VENTE \ud83d\udd3b",
        "entry": 0.7822399735450745,
        "sl": 0.79049,
        "tp": 0.76574,
        "rr": 2.0
    },
    "AUDUSD": {
        "type": "ACHAT \ud83d\ude80",
        "entry": 0.7047712802886963,
        "sl": 0.69131,
        "tp": 0.73169,
        "rr": 2.0
    },
    "NZDJPY": {
        "type": "ACHAT \ud83d\ude80",
        "entry": 92.88700103759766,
        "sl": 92.16062,
        "tp": 94.33976,
        "rr": 2.0
    },
    "NZDCHF": {
        "type": "VENTE \ud83d\udd3b",
        "entry": 0.46129000186920166,
        "sl": 0.46419,
        "tp": 0.45549,
        "rr": 2.0
    },
    "AUDCAD": {
        "type": "ACHAT \ud83d\ude80",
        "entry": 0.9708899855613708,
        "sl": 0.96477,
        "tp": 0.98313,
        "rr": 2.0
    },
    "AUDJPY": {
        "type": "ACHAT \ud83d\ude80",
        "entry": 113.56700134277344,
        "sl": 112.99884,
        "tp": 114.70332,
        "rr": 2.0
    },
    "EURAUD": {
        "type": "VENTE \ud83d\udd3b",
        "entry": 1.6178699731826782,
        "sl": 1.62385,
        "tp": 1.60591,
        "rr": 2.0
    },
    "AUDCHF": {
        "type": "ACHAT \ud83d\ude80",
        "entry": 0.5575299859046936,
        "sl": 0.55274,
        "tp": 0.56711,
        "rr": 2.0
    },
    "EURGBP": {
        "type": "VENTE \ud83d\udd3b",
        "entry": 0.8631299734115601,
        "sl": 0.8646,
        "tp": 0.86019,
        "rr": 2.0
    },
    "GBPJPY": {
        "type": "ACHAT \ud83d\ude80",
        "entry": 212.7550048828125,
        "sl": 212.23083,
        "tp": 213.80335,
        "rr": 2.0
    }
}