{
    "USDCAD": {
        "type": "VENTE \ud83d\udd3b",
        "entry": 1.3645000457763672,
        "sl": 1.37188,
        "tp": 1.34974,
        "rr": 2.0
    },
    "GBPAUD": {
        "type": "VENTE \ud83d\udd3b",
        "entry": 1.9029500484466553,
        "sl": 1.9205,
        "tp": 1.86785,
        "rr": 2.0
    },
    "GBPUSD": {
        "type": "VENTE \ud83d\udd3b",
        "entry": 1.3367197513580322,
        "sl": 1.3467,
        "tp": 1.31676,
        "rr": 2.0
    },
    "USDCHF": {
        "type": "VENTE \ud83d\udd3b",
        "entry": 0.7822399735450745,
        "sl": 0.79049,
        "tp": 0.76574,
        "rr": 2.0
    },
    "AUDUSD": {
        "type": "ACHAT \ud83d\ude80",
        "entry": 0.7047712802886963,
        "sl": 0.69131,
        "tp": 0.73169,
        "rr": 2.0
    },
    "NZDJPY": {
        "type": "ACHAT \ud83d\ude80",
        "entry": 92.88700103759766,
        "sl": 92.16062,
        "tp": 94.33976,
        "rr": 2.0
    }
}