{
    "USDCAD": {
        "type": "VENTE \ud83d\udd3b",
        "entry": 1.3645000457763672,
        "sl": 1.37188,
        "tp": 1.34974,
        "rr": 2.0
    },
    "GBPAUD": {
        "type": "VENTE \ud83d\udd3b",
        "entry": 1.9029500484466553,
        "sl": 1.9205,
        "tp": 1.86785,
        "rr": 2.0
    },
    "NZDCHF": {
        "type": "VENTE \ud83d\udd3b",
        "entry": 0.4627099931240082,
        "sl": 0.46474,
        "tp": 0.45865,
        "rr": 2.0
    },
    "GBPCAD": {
        "type": "VENTE \ud83d\udd3b",
        "entry": 1.8320399522781372,
        "sl": 1.84,
        "tp": 1.81612,
        "rr": 2.0
    },
    "GBPUSD": {
        "type": "VENTE \ud83d\udd3b",
        "entry": 1.3367197513580322,
        "sl": 1.3467,
        "tp": 1.31676,
        "rr": 2.0
    },
    "NZDCAD": {
        "type": "ACHAT \ud83d\ude80",
        "entry": 0.8139299750328064,
        "sl": 0.80851,
        "tp": 0.82477,
        "rr": 2.0
    },
    "NZDUSD": {
        "type": "ACHAT \ud83d\ude80",
        "entry": 0.5952026844024658,
        "sl": 0.59008,
        "tp": 0.60545,
        "rr": 2.0
    },
    "USDJPY": {
        "type": "ACHAT \ud83d\ude80",
        "entry": 157.23899841308594,
        "sl": 156.81133,
        "tp": 158.09434,
        "rr": 2.0
    }
}