{
    "CADCHF": {
        "type": "VENTE \ud83d\udd3b",
        "entry": 0.5643799901008606,
        "sl": 0.56695,
        "tp": 0.55924,
        "rr": 2.0
    },
    "EURUSD": {
        "type": "ACHAT \ud83d\ude80",
        "entry": 1.184413194656372,
        "sl": 1.17938,
        "tp": 1.19448,
        "rr": 2.0
    },
    "USDCAD": {
        "type": "VENTE \ud83d\udd3b",
        "entry": 1.3645000457763672,
        "sl": 1.37188,
        "tp": 1.34974,
        "rr": 2.0
    },
    "GBPCHF": {
        "type": "VENTE \ud83d\udd3b",
        "entry": 1.0434999465942383,
        "sl": 1.04723,
        "tp": 1.03604,
        "rr": 2.0
    }
}