{
    "USDCAD": {
        "type": "VENTE \ud83d\udd3b",
        "entry": 1.3645000457763672,
        "sl": 1.37188,
        "tp": 1.34974,
        "rr": 2.0
    },
    "GBPCHF": {
        "type": "VENTE \ud83d\udd3b",
        "entry": 1.0447399616241455,
        "sl": 1.04966,
        "tp": 1.0349,
        "rr": 2.0
    },
    "USDCHF": {
        "type": "VENTE \ud83d\udd3b",
        "entry": 0.7751500010490417,
        "sl": 0.77821,
        "tp": 0.76903,
        "rr": 2.0
    },
    "NZDUSD": {
        "type": "ACHAT \ud83d\ude80",
        "entry": 0.5961962938308716,
        "sl": 0.59271,
        "tp": 0.60317,
        "rr": 2.0
    },
    "EURUSD": {
        "type": "ACHAT \ud83d\ude80",
        "entry": 1.1835720539093018,
        "sl": 1.17368,
        "tp": 1.20336,
        "rr": 2.0
    },
    "GBPAUD": {
        "type": "VENTE \ud83d\udd3b",
        "entry": 1.9029500484466553,
        "sl": 1.9205,
        "tp": 1.86785,
        "rr": 2.0
    },
    "NZDCAD": {
        "type": "ACHAT \ud83d\ude80",
        "entry": 0.8178099989891052,
        "sl": 0.81342,
        "tp": 0.82659,
        "rr": 2.0
    },
    "CHFJPY": {
        "type": "ACHAT \ud83d\ude80",
        "entry": 202.11900329589844,
        "sl": 201.61802,
        "tp": 203.12097,
        "rr": 2.0
    },
    "CADJPY": {
        "type": "ACHAT \ud83d\ude80",
        "entry": 114.15299987792969,
        "sl": 113.74266,
        "tp": 114.97368,
        "rr": 2.0
    }
}