{
    "USDCAD": {
        "type": "VENTE \ud83d\udd3b",
        "entry": 1.3645000457763672,
        "sl": 1.37188,
        "tp": 1.34974,
        "rr": 2.0
    },
    "GBPAUD": {
        "type": "VENTE \ud83d\udd3b",
        "entry": 1.9029500484466553,
        "sl": 1.9205,
        "tp": 1.86785,
        "rr": 2.0
    },
    "NZDCHF": {
        "type": "VENTE \ud83d\udd3b",
        "entry": 0.4627099931240082,
        "sl": 0.46474,
        "tp": 0.45865,
        "rr": 2.0
    },
    "GBPCAD": {
        "type": "VENTE \ud83d\udd3b",
        "entry": 1.8320399522781372,
        "sl": 1.84,
        "tp": 1.81612,
        "rr": 2.0
    },
    "GBPUSD": {
        "type": "VENTE \ud83d\udd3b",
        "entry": 1.3367197513580322,
        "sl": 1.3467,
        "tp": 1.31676,
        "rr": 2.0
    },
    "USDJPY": {
        "type": "ACHAT \ud83d\ude80",
        "entry": 157.23899841308594,
        "sl": 156.81133,
        "tp": 158.09434,
        "rr": 2.0
    },
    "CADJPY": {
        "type": "ACHAT \ud83d\ude80",
        "entry": 115.00199890136719,
        "sl": 114.70348,
        "tp": 115.59904,
        "rr": 2.0
    },
    "USDCHF": {
        "type": "VENTE \ud83d\udd3b",
        "entry": 0.7822399735450745,
        "sl": 0.79049,
        "tp": 0.76574,
        "rr": 2.0
    },
    "AUDUSD": {
        "type": "ACHAT \ud83d\ude80",
        "entry": 0.7047712802886963,
        "sl": 0.69131,
        "tp": 0.73169,
        "rr": 2.0
    },
    "EURCAD": {
        "type": "VENTE \ud83d\udd3b",
        "entry": 1.5889999866485596,
        "sl": 1.59597,
        "tp": 1.57506,
        "rr": 2.0
    },
    "NZDCAD": {
        "type": "VENTE \ud83d\udd3b",
        "entry": 0.8066400289535522,
        "sl": 0.80967,
        "tp": 0.80058,
        "rr": 2.0
    }
}