{
    "CADCHF": {
        "type": "VENTE \ud83d\udd3b",
        "entry": 0.5643799901008606,
        "sl": 0.56695,
        "tp": 0.55924,
        "rr": 2.0
    },
    "USDCAD": {
        "type": "VENTE \ud83d\udd3b",
        "entry": 1.3645000457763672,
        "sl": 1.37188,
        "tp": 1.34974,
        "rr": 2.0
    },
    "GBPCHF": {
        "type": "VENTE \ud83d\udd3b",
        "entry": 1.0447399616241455,
        "sl": 1.04966,
        "tp": 1.0349,
        "rr": 2.0
    }
}