{
    "CADCHF": {
        "type": "VENTE \ud83d\udd3b",
        "entry": 0.5643799901008606,
        "sl": 0.56695,
        "tp": 0.55924,
        "rr": 2.0
    }
}